{"chunk_definitions":[{"chunk_id":"csetup_chunk","chunk_label":"setup","document_id":"7DE9AF29","expansion_state":0,"options":{"engine":"r","include":false,"label":"setup"},"row":20,"row_count":1,"visible":true},{"chunk_id":"c0flmtbj7dayh","chunk_label":"packages","document_id":"7DE9AF29","expansion_state":0,"options":{"engine":"r","label":"packages"},"row":41,"row_count":1,"visible":true},{"chunk_id":"cgcyyfoovbs7r","chunk_label":"importación","document_id":"7DE9AF29","expansion_state":0,"options":{"engine":"r","label":"importación"},"row":57,"row_count":1,"visible":true},{"chunk_id":"cckwuuxtovbbs","chunk_label":"df","document_id":"7DE9AF29","expansion_state":0,"options":{"echo":false,"engine":"r","label":"df"},"row":66,"row_count":1,"visible":true},{"chunk_id":"cjq1ip1xmoexq","chunk_label":"df3","document_id":"7DE9AF29","expansion_state":0,"options":{"echo":false,"engine":"r","label":"df3"},"row":76,"row_count":1,"visible":true},{"chunk_id":"c8x9f6z70c5hu","chunk_label":"Global","document_id":"7DE9AF29","expansion_state":0,"options":{"engine":"r","eval":true,"label":"Global "},"row":98,"row_count":1,"visible":true}],"chunk_rendered_width":700,"default_chunk_options":{"echo":true,"eval":true,"message":false,"warning":false},"doc_write_time":1576834193,"working_dir":null}