{"chunk_definitions":[{"chunk_id":"csetup_chunk","chunk_label":"setup","document_id":"A9B6A5FA","expansion_state":0,"options":{"engine":"r","include":false,"label":"setup"},"row":9,"row_count":1,"visible":true},{"chunk_id":"cpi7fp6fvkk33","chunk_label":"one","document_id":"A9B6A5FA","expansion_state":0,"options":{"engine":"r","label":"one"},"row":32,"row_count":1,"visible":true},{"chunk_id":"co7jovg9wzeyh","chunk_label":"unnamed-chunk-1","document_id":"A9B6A5FA","expansion_state":0,"options":{},"row":41,"row_count":1,"visible":true},{"chunk_id":"cia5p510cetca","chunk_label":"unnamed-chunk-2","document_id":"A9B6A5FA","expansion_state":0,"options":{},"row":54,"row_count":1,"visible":true},{"chunk_id":"cdw2tbszdhbe4","chunk_label":"unnamed-chunk-3","document_id":"A9B6A5FA","expansion_state":0,"options":{},"row":61,"row_count":1,"visible":true},{"chunk_id":"ctk0cmch7st7i","chunk_label":"two","document_id":"A9B6A5FA","expansion_state":0,"options":{"engine":"r","fig.align":"center","label":"two","out.width":" 110% "},"row":79,"row_count":1,"visible":true},{"chunk_id":"c1728c3o9wwtq","chunk_label":"three","document_id":"A9B6A5FA","expansion_state":0,"options":{},"row":94,"row_count":1,"visible":true},{"chunk_id":"cvjy8o99kgnzv","chunk_label":"four","document_id":"A9B6A5FA","expansion_state":0,"options":{},"row":106,"row_count":1,"visible":true},{"chunk_id":"csc3ee5dugb79","chunk_label":"five","document_id":"A9B6A5FA","expansion_state":0,"options":{},"row":134,"row_count":1,"visible":true},{"chunk_id":"c6fvm2f6e6npu","chunk_label":"six","document_id":"A9B6A5FA","expansion_state":0,"options":{},"row":149,"row_count":1,"visible":true},{"chunk_id":"cx74tjbc8ndk7","chunk_label":"seven","document_id":"A9B6A5FA","expansion_state":0,"options":{"engine":"r","label":"seven"},"row":166,"row_count":1,"visible":true}],"default_chunk_options":{"echo":false,"eval":true,"message":false,"warning":false},"doc_write_time":1576842906,"working_dir":null}