{"chunk_definitions":[{"chunk_id":"csetup_chunk","chunk_label":"setup","document_id":"A9B6A5FA","expansion_state":0,"options":{"engine":"r","include":false,"label":"setup"},"row":9,"row_count":1,"visible":true},{"chunk_id":"cpi7fp6fvkk33","chunk_label":"one","document_id":"A9B6A5FA","expansion_state":0,"options":{"engine":"r","label":"one"},"row":32,"row_count":1,"visible":true},{"chunk_id":"c1728c3o9wwtq","chunk_label":"three","document_id":"A9B6A5FA","expansion_state":0,"options":{},"row":94,"row_count":1,"visible":true},{"chunk_id":"cvjy8o99kgnzv","chunk_label":"four","document_id":"A9B6A5FA","expansion_state":0,"options":{},"row":106,"row_count":1,"visible":true},{"chunk_id":"csc3ee5dugb79","chunk_label":"five","document_id":"A9B6A5FA","expansion_state":0,"options":{},"row":134,"row_count":1,"visible":true},{"chunk_id":"c6fvm2f6e6npu","chunk_label":"six","document_id":"A9B6A5FA","expansion_state":0,"options":{},"row":149,"row_count":1,"visible":true},{"chunk_id":"cx74tjbc8ndk7","chunk_label":"seven","document_id":"A9B6A5FA","expansion_state":0,"options":{"engine":"r","label":"seven"},"row":166,"row_count":1,"visible":true}],"doc_write_time":1576843983}