"0",""
"0","list_of_values2 <- c(""EU-28"",""Europe (other)"",""United States"",""Africa"",""Middle East"",""India"",""China"",""Asia and Pacific (other)"")"
"0",""
"0","Global <- filter(df6,`Entity` %in% list_of_values2) %>% filter(`Year`>1850)"
"0",""
"0","Global <- select(Global,1,3:4)"
"0",""
"0","names(Global) <- c(""Region"",""Año"",""Emisiones"")"
"0",""
"0","ggplot(Global,aes(x = Año, y = Emisiones/1000000,fill=Region))  +geom_line(color=""dark"") + theme_minimal()+ geom_area(alpha=0.6 , size=.5, colour=""white"") +scale_fill_viridis(discrete = T) + theme_ipsum() + ggtitle(""Emisiones Totales por Región(en millones de toneladas"")"
"0",""
