"0","mundialtop <- df3 %>% filter(Year==2014)"
"0",""
"0","mundialtop <- select(mundialtop, 1,3)"
"0",""
"0","mundialtop <- mundialtop %>% arrange(desc(`Total CO2 Emissions`))"
"0",""
"0","mundialtop <- mundialtop[c(1:10,25),]"
"0",""
"0","mundialtop <- gather(mundialtop,Emision_total, CantidadCO2, 2)"
"0",""
"0","ggplot(mundialtop,aes(reorder(Nation,CantidadCO2), CantidadCO2/1000,fill=Nation)) + geom_bar(stat = ""identity"") + theme_minimal() + theme(legend.position=""none"")+coord_flip() + labs(title = ""TOP EMISIONES A NIVEL GLOBAL EN 2014"" ,  caption = ""En millones de toneladas"" , x = ""PAIS"" , y = ""CANTIDAD DE CO2"")"
