"0",""
"0","df2 <- df2[-c(1, 2), ]"
"0",""
"0","df3 <- df2 "
"0",""
"0","names(df3) <- c(""Nation"",""Year"",""Total CO2 Emissions"",""Solid fuel"",""Liquid fuel"",""Gas fuel"",""Cement production"",""Gas flaring"",""Per Capita CO2"",""Bunker fuels"")"
"0",""
"0","names(df) <- c(""Year"",""Total CO2 Emissions"",""Gas fuel"",""Liquid fuel"",""Solid fuel"",""Cement production"",""Gas flaring"",""Per Capita CO2"")"
"0",""
"0","espana <- df3 %>% filter(Nation == ""SPAIN"")"
"0",""
"0","espana <- select(espana,-c(`Gas flaring`,`Bunker fuels`,`Per Capita CO2`))"
"0",""
"0","espana <- select(espana,-c(Nation))"
"0",""
"0","espana <- gather(espana,TipoEmi,CantCO2,2:6)"
"0",""
"0","Emis_ends <- espana %>% group_by(`TipoEmi`) %>% top_n(1, Year) %>% pull(`CantCO2`)"
"0",""
"0","espana %>% ggplot(aes(x = Year, y = CantCO2, color=TipoEmi)) + geom_line(size=1)  +"
"0","labs(title = ""Emisiones de CO2 en España"" ,  caption = ""En miles de toneladas"" , x = ""Año"" , y = ""Emisiones"") + scale_y_continuous(sec.axis = sec_axis(~ ., breaks = Emis_ends)) +   #- sec_axis() especifica un eje secundario"
"0","     scale_x_continuous(expand = c(0, 0))"
