[{"name":"htmlwidgets","version":"1.5.1","src":{"file":"C:\/Users\/morhu\/Documents\/R\/win-library\/3.6\/htmlwidgets\/www"},"meta":null,"script":"htmlwidgets.js","stylesheet":null,"head":null,"attachment":null,"package":null,"all_files":true},{"name":"jquery","version":"1.11.1","src":{"file":"C:\/Users\/morhu\/Documents\/R\/win-library\/3.6\/dygraphs\/htmlwidgets\/lib\/jquery"},"meta":null,"script":"jquery.min.js","stylesheet":null,"head":null,"attachment":null,"package":null,"all_files":true},{"name":"dygraphs","version":"1.1.1","src":{"file":"C:\/Users\/morhu\/Documents\/R\/win-library\/3.6\/dygraphs\/htmlwidgets\/lib\/dygraphs"},"meta":null,"script":["dygraph-combined.js","shapes.js"],"stylesheet":"dygraph.css","head":null,"attachment":null,"package":null,"all_files":true},{"name":"moment","version":"2.8.4","src":{"file":"C:\/Users\/morhu\/Documents\/R\/win-library\/3.6\/dygraphs\/htmlwidgets\/lib\/timezone"},"meta":null,"script":"moment.js","stylesheet":null,"head":null,"attachment":null,"package":null,"all_files":true},{"name":"moment-timezone","version":"0.2.5","src":{"file":"C:\/Users\/morhu\/Documents\/R\/win-library\/3.6\/dygraphs\/htmlwidgets\/lib\/timezone"},"meta":null,"script":"moment-timezone-with-data.js","stylesheet":null,"head":null,"attachment":null,"package":null,"all_files":true},{"name":"moment-fquarter","version":"1.0.0","src":{"file":"C:\/Users\/morhu\/Documents\/R\/win-library\/3.6\/dygraphs\/htmlwidgets\/lib\/fquarter"},"meta":null,"script":"moment-fquarter.min.js","stylesheet":null,"head":null,"attachment":null,"package":null,"all_files":true},{"name":"dygraphs-binding","version":"1.1.1.6","src":{"file":"C:\/Users\/morhu\/Documents\/R\/win-library\/3.6\/dygraphs\/htmlwidgets"},"meta":null,"script":"dygraphs.js","stylesheet":null,"head":null,"attachment":null,"package":null,"all_files":false}]
