"0","library(tidyverse)"
"0","library(rio)"
"0","library(ggplot2)"
"0","library(dplyr)"
"0","library(ggThemeAssist)"
"0","library(tidyquant)"
"0","library(dygraphs)"
"0","library(rworldmap)"
"0","library(maps)"
"0","library(ggmap)"
"0","library(rnaturalearth)"
"0","library(viridis)"
"0","library(hrbrthemes)"
"0","library(png)"
"0",""
"0","df <- rio::import(""./datos/global.1751_2014v2.csv"")"
"0","df2 <- rio::import(""./datos/nation.1751_2014v2.csv"")"
"0","df4 <- rio::import(""./datos/co_emissions_per_capita.csv"")"
"0","df5 <- rio::import(""./datos/greenhouse-gas-emissions-by-sector.csv"")"
"0","df6 <- rio::import(""./datos/annual-co-emissions-by-region.csv"")"
